id,colour
red(315).jpg,0
blue(882).jpg,1
blue(174).jpg,1
none(44).jpg,3
red(479).jpg,0
blue(354).jpg,1
red(79).jpg,0
none(42).jpg,3
blue(146).jpg,1
blue(68).jpg,1
red(210).jpg,0
blue(852).jpg,1
red(274).jpg,0
blue(12).jpg,1
red(51).jpg,0
red(475).jpg,0
blue(269).jpg,1
blue(465).jpg,1
yellow(66).jpg,2
blue(536).jpg,1
blue(484).jpg,1
blue(70).jpg,1
none(108).jpg,3
yellow(190).jpg,2
blue(221).jpg,1
blue(406).jpg,1
blue(507).jpg,1
blue(19).jpg,1
yellow(121).jpg,2
blue(289).jpg,1
blue(508).jpg,1
red(230).jpg,0
yellow(181).jpg,2
blue(332).jpg,1
blue(423).jpg,1
none(70).jpg,3
red(29).jpg,0
blue(182).jpg,1
blue(867).jpg,1
red(160).jpg,0
none(22).jpg,3
red(207).jpg,0
blue(716).jpg,1
yellow(57).jpg,2
blue(714).jpg,1
blue(820).jpg,1
blue(381).jpg,1
blue(547).jpg,1
blue(270).jpg,1
blue(173).jpg,1
yellow(88).jpg,2
blue(196).jpg,1
none(46).jpg,3
blue(134).jpg,1
blue(319).jpg,1
blue(211).jpg,1
blue(83).jpg,1
blue(643).jpg,1
blue(203).jpg,1
blue(721).jpg,1
red(298).jpg,0
blue(207).jpg,1
blue(282).jpg,1
red(342).jpg,0
blue(690).jpg,1
red(323).jpg,0
red(472).jpg,0
yellow(147).jpg,2
red(265).jpg,0
blue(136).jpg,1
red(392).jpg,0
blue(827).jpg,1
none(5).jpg,3
red(443).jpg,0
red(514).jpg,0
blue(552).jpg,1
blue(229).jpg,1
red(423).jpg,0
red(444).jpg,0
blue(584).jpg,1
red(428).jpg,0
none(109).jpg,3
red(125).jpg,0
yellow(229).jpg,2
blue(67).jpg,1
red(553).jpg,0
red(3).jpg,0
red(336).jpg,0
red(276).jpg,0
blue(73).jpg,1
none(80).jpg,3
red(354).jpg,0
blue(347).jpg,1
blue(825).jpg,1
blue(61).jpg,1
yellow(115).jpg,2
red(195).jpg,0
blue(391).jpg,1
blue(99).jpg,1
yellow(109).jpg,2
blue(141).jpg,1
red(63).jpg,0
none(141).jpg,3
blue(187).jpg,1
blue(33).jpg,1
yellow(56).jpg,2
blue(694).jpg,1
blue(181).jpg,1
blue(281).jpg,1
blue(44).jpg,1
yellow(6).jpg,2
yellow(24).jpg,2
blue(447).jpg,1
yellow(195).jpg,2
yellow(137).jpg,2
blue(763).jpg,1
blue(823).jpg,1
blue(237).jpg,1
blue(76).jpg,1
blue(405).jpg,1
blue(588).jpg,1
blue(98).jpg,1
red(187).jpg,0
blue(599).jpg,1
blue(171).jpg,1
none(52).jpg,3
red(404).jpg,0
none(15).jpg,3
blue(806).jpg,1
red(442).jpg,0
blue(210).jpg,1
blue(715).jpg,1
blue(219).jpg,1
blue(830).jpg,1
red(397).jpg,0
red(480).jpg,0
none(73).jpg,3
blue(80).jpg,1
red(159).jpg,0
blue(488).jpg,1
red(438).jpg,0
red(109).jpg,0
red(34).jpg,0
red(301).jpg,0
red(257).jpg,0
red(305).jpg,0
red(278).jpg,0
blue(642).jpg,1
yellow(200).jpg,2
blue(777).jpg,1
red(133).jpg,0
red(327).jpg,0
blue(811).jpg,1
blue(674).jpg,1
blue(240).jpg,1
none(118).jpg,3
red(359).jpg,0
red(304).jpg,0
blue(318).jpg,1
blue(666).jpg,1
none(143).jpg,3
red(86).jpg,0
red(369).jpg,0
blue(362).jpg,1
blue(157).jpg,1
none(51).jpg,3
blue(167).jpg,1
blue(833).jpg,1
blue(762).jpg,1
blue(879).jpg,1
blue(864).jpg,1
red(466).jpg,0
blue(477).jpg,1
red(393).jpg,0
red(17).jpg,0
blue(385).jpg,1
blue(464).jpg,1
blue(348).jpg,1
blue(413).jpg,1
red(509).jpg,0
red(191).jpg,0
red(400).jpg,0
yellow(151).jpg,2
red(18).jpg,0
yellow(239).jpg,2
yellow(112).jpg,2
blue(421).jpg,1
yellow(64).jpg,2
red(381).jpg,0
blue(375).jpg,1
blue(619).jpg,1
blue(596).jpg,1
red(194).jpg,0
yellow(4).jpg,2
blue(374).jpg,1
blue(474).jpg,1
none(115).jpg,3
red(445).jpg,0
red(389).jpg,0
red(379).jpg,0
blue(885).jpg,1
red(43).jpg,0
yellow(114).jpg,2
none(102).jpg,3
blue(384).jpg,1
blue(66).jpg,1
red(452).jpg,0
yellow(236).jpg,2
blue(814).jpg,1
blue(593).jpg,1
blue(835).jpg,1
blue(603).jpg,1
blue(71).jpg,1
blue(214).jpg,1
yellow(49).jpg,2
blue(532).jpg,1
blue(144).jpg,1
yellow(101).jpg,2
blue(573).jpg,1
blue(126).jpg,1
blue(473).jpg,1
red(103).jpg,0
blue(780).jpg,1
blue(231).jpg,1
blue(572).jpg,1
blue(50).jpg,1
yellow(209).jpg,2
red(469).jpg,0
red(263).jpg,0
red(50).jpg,0
blue(58).jpg,1
red(251).jpg,0
yellow(124).jpg,2
red(299).jpg,0
yellow(180).jpg,2
blue(759).jpg,1
red(344).jpg,0
blue(338).jpg,1
blue(783).jpg,1
blue(764).jpg,1
blue(710).jpg,1
blue(478).jpg,1
blue(283).jpg,1
blue(111).jpg,1
red(558).jpg,0
blue(755).jpg,1
red(149).jpg,0
yellow(9).jpg,2
blue(812).jpg,1
none(117).jpg,3
blue(733).jpg,1
none(122).jpg,3
blue(69).jpg,1
red(545).jpg,0
yellow(15).jpg,2
blue(161).jpg,1
yellow(228).jpg,2
blue(279).jpg,1
blue(524).jpg,1
red(75).jpg,0
none(89).jpg,3
yellow(237).jpg,2
red(458).jpg,0
none(86).jpg,3
blue(127).jpg,1
blue(20).jpg,1
red(137).jpg,0
none(107).jpg,3
red(55).jpg,0
yellow(169).jpg,2
blue(209).jpg,1
blue(544).jpg,1
blue(401).jpg,1
blue(333).jpg,1
blue(291).jpg,1
blue(668).jpg,1
red(19).jpg,0
blue(408).jpg,1
red(142).jpg,0
blue(609).jpg,1
red(471).jpg,0
red(155).jpg,0
red(508).jpg,0
yellow(122).jpg,2
yellow(106).jpg,2
yellow(80).jpg,2
red(162).jpg,0
yellow(72).jpg,2
blue(805).jpg,1
blue(468).jpg,1
blue(608).jpg,1
blue(292).jpg,1
red(247).jpg,0
red(176).jpg,0
red(277).jpg,0
blue(95).jpg,1
yellow(29).jpg,2
blue(326).jpg,1
yellow(71).jpg,2
blue(739).jpg,1
yellow(84).jpg,2
blue(774).jpg,1
none(131).jpg,3
blue(848).jpg,1
blue(679).jpg,1
yellow(35).jpg,2
blue(197).jpg,1
red(174).jpg,0
red(417).jpg,0
blue(334).jpg,1
blue(504).jpg,1
red(433).jpg,0
yellow(189).jpg,2
blue(649).jpg,1
red(386).jpg,0
red(450).jpg,0
red(49).jpg,0
blue(883).jpg,1
blue(45).jpg,1
yellow(256).jpg,2
blue(103).jpg,1
red(177).jpg,0
blue(725).jpg,1
red(134).jpg,0
none(61).jpg,3
blue(782).jpg,1
red(460).jpg,0
blue(42).jpg,1
blue(767).jpg,1
yellow(32).jpg,2
blue(591).jpg,1
none(105).jpg,3
none(34).jpg,3
red(140).jpg,0
red(221).jpg,0
yellow(38).jpg,2
none(62).jpg,3
red(552).jpg,0
red(282).jpg,0
blue(676).jpg,1
yellow(172).jpg,2
blue(206).jpg,1
red(510).jpg,0
red(150).jpg,0
blue(490).jpg,1
blue(287).jpg,1
blue(878).jpg,1
yellow(223).jpg,2
blue(106).jpg,1
blue(258).jpg,1
none(137).jpg,3
none(10).jpg,3
none(94).jpg,3
blue(2).jpg,1
blue(472).jpg,1
yellow(144).jpg,2
red(534).jpg,0
blue(457).jpg,1
red(463).jpg,0
red(62).jpg,0
red(81).jpg,0
red(497).jpg,0
yellow(28).jpg,2
none(95).jpg,3
blue(373).jpg,1
blue(877).jpg,1
blue(420).jpg,1
blue(458).jpg,1
none(65).jpg,3
blue(121).jpg,1
red(157).jpg,0
blue(636).jpg,1
red(529).jpg,0
red(449).jpg,0
red(188).jpg,0
yellow(96).jpg,2
blue(846).jpg,1
red(232).jpg,0
blue(577).jpg,1
blue(861).jpg,1
red(35).jpg,0
blue(274).jpg,1
blue(565).jpg,1
blue(285).jpg,1
red(115).jpg,0
red(530).jpg,0
red(255).jpg,0
none(126).jpg,3
yellow(219).jpg,2
blue(367).jpg,1
blue(632).jpg,1
red(293).jpg,0
red(52).jpg,0
blue(455).jpg,1
yellow(164).jpg,2
blue(34).jpg,1
blue(155).jpg,1
blue(796).jpg,1
blue(496).jpg,1
yellow(234).jpg,2
blue(393).jpg,1
yellow(186).jpg,2
red(309).jpg,0
blue(851).jpg,1
blue(303).jpg,1
yellow(59).jpg,2
red(346).jpg,0
blue(26).jpg,1
red(328).jpg,0
yellow(47).jpg,2
blue(178).jpg,1
blue(84).jpg,1
blue(578).jpg,1
red(28).jpg,0
blue(208).jpg,1
red(184).jpg,0
red(536).jpg,0
red(488).jpg,0
none(64).jpg,3
none(54).jpg,3
blue(705).jpg,1
blue(600).jpg,1
red(107).jpg,0
red(212).jpg,0
blue(198).jpg,1
red(338).jpg,0
blue(697).jpg,1
red(120).jpg,0
red(60).jpg,0
blue(243).jpg,1
red(416).jpg,0
blue(77).jpg,1
blue(180).jpg,1
blue(656).jpg,1
red(554).jpg,0
blue(192).jpg,1
yellow(224).jpg,2
red(532).jpg,0
red(485).jpg,0
blue(260).jpg,1
blue(379).jpg,1
blue(317).jpg,1
blue(443).jpg,1
blue(516).jpg,1
blue(92).jpg,1
blue(731).jpg,1
red(441).jpg,0
none(76).jpg,3
red(390).jpg,0
blue(245).jpg,1
red(38).jpg,0
blue(145).jpg,1
blue(719).jpg,1
blue(842).jpg,1
blue(881).jpg,1
blue(96).jpg,1
yellow(231).jpg,2
yellow(129).jpg,2
red(113).jpg,0
blue(439).jpg,1
blue(139).jpg,1
yellow(60).jpg,2
none(123).jpg,3
blue(1).jpg,1
blue(466).jpg,1
red(561).jpg,0
yellow(107).jpg,2
blue(686).jpg,1
blue(398).jpg,1
blue(440).jpg,1
blue(723).jpg,1
blue(506).jpg,1
none(120).jpg,3
blue(569).jpg,1
red(560).jpg,0
red(494).jpg,0
blue(392).jpg,1
blue(707).jpg,1
blue(259).jpg,1
red(330).jpg,0
yellow(111).jpg,2
red(90).jpg,0
blue(82).jpg,1
blue(113).jpg,1
red(367).jpg,0
blue(786).jpg,1
none(3).jpg,3
blue(342).jpg,1
red(85).jpg,0
red(222).jpg,0
blue(108).jpg,1
blue(611).jpg,1
none(99).jpg,3
yellow(148).jpg,2
yellow(208).jpg,2
blue(409).jpg,1
blue(749).jpg,1
blue(659).jpg,1
blue(566).jpg,1
red(503).jpg,0
red(506).jpg,0
blue(746).jpg,1
blue(363).jpg,1
red(319).jpg,0
red(526).jpg,0
red(151).jpg,0
blue(887).jpg,1
yellow(221).jpg,2
blue(53).jpg,1
blue(665).jpg,1
blue(875).jpg,1
none(71).jpg,3
blue(471).jpg,1
red(164).jpg,0
red(419).jpg,0
blue(388).jpg,1
blue(241).jpg,1
yellow(250).jpg,2
blue(213).jpg,1
blue(559).jpg,1
yellow(242).jpg,2
blue(179).jpg,1
blue(172).jpg,1
red(11).jpg,0
blue(249).jpg,1
blue(346).jpg,1
blue(426).jpg,1
blue(503).jpg,1
yellow(192).jpg,2
blue(238).jpg,1
red(219).jpg,0
red(272).jpg,0
blue(261).jpg,1
none(142).jpg,3
blue(568).jpg,1
red(224).jpg,0
none(97).jpg,3
yellow(167).jpg,2
red(110).jpg,0
red(72).jpg,0
blue(621).jpg,1
yellow(197).jpg,2
yellow(243).jpg,2
none(21).jpg,3
blue(560).jpg,1
blue(722).jpg,1
blue(562).jpg,1
none(101).jpg,3
red(111).jpg,0
blue(514).jpg,1
blue(860).jpg,1
blue(297).jpg,1
red(385).jpg,0
blue(554).jpg,1
none(50).jpg,3
blue(129).jpg,1
yellow(153).jpg,2
red(348).jpg,0
blue(647).jpg,1
yellow(73).jpg,2
yellow(202).jpg,2
blue(685).jpg,1
red(535).jpg,0
yellow(155).jpg,2
red(361).jpg,0
blue(336).jpg,1
red(53).jpg,0
none(68).jpg,3
blue(587).jpg,1
red(372).jpg,0
blue(530).jpg,1
red(209).jpg,0
red(547).jpg,0
blue(59).jpg,1
red(544).jpg,0
yellow(199).jpg,2
blue(404).jpg,1
yellow(62).jpg,2
red(73).jpg,0
none(75).jpg,3
none(2).jpg,3
red(239).jpg,0
blue(775).jpg,1
blue(850).jpg,1
yellow(154).jpg,2
blue(296).jpg,1
blue(254).jpg,1
blue(868).jpg,1
yellow(79).jpg,2
blue(718).jpg,1
yellow(230).jpg,2
yellow(182).jpg,2
blue(709).jpg,1
red(335).jpg,0
blue(664).jpg,1
yellow(55).jpg,2
blue(623).jpg,1
blue(687).jpg,1
red(279).jpg,0
blue(726).jpg,1
blue(199).jpg,1
blue(610).jpg,1
yellow(177).jpg,2
blue(853).jpg,1
red(501).jpg,0
blue(684).jpg,1
blue(48).jpg,1
yellow(8).jpg,2
red(112).jpg,0
none(93).jpg,3
red(163).jpg,0
red(226).jpg,0
blue(57).jpg,1
blue(51).jpg,1
red(13).jpg,0
blue(617).jpg,1
blue(518).jpg,1
none(1).jpg,3
blue(55).jpg,1
blue(620).jpg,1
yellow(69).jpg,2
red(21).jpg,0
red(355).jpg,0
none(13).jpg,3
blue(377).jpg,1
blue(541).jpg,1
yellow(128).jpg,2
red(135).jpg,0
red(37).jpg,0
blue(284).jpg,1
yellow(48).jpg,2
yellow(264).jpg,2
blue(313).jpg,1
blue(435).jpg,1
blue(390).jpg,1
red(521).jpg,0
red(108).jpg,0
red(199).jpg,0
yellow(138).jpg,2
blue(469).jpg,1
yellow(261).jpg,2
red(478).jpg,0
blue(79).jpg,1
blue(704).jpg,1
blue(449).jpg,1
red(270).jpg,0
red(235).jpg,0
red(165).jpg,0
red(143).jpg,0
blue(843).jpg,1
red(477).jpg,0
red(294).jpg,0
blue(376).jpg,1
blue(683).jpg,1
blue(597).jpg,1
red(430).jpg,0
red(80).jpg,0
blue(335).jpg,1
blue(402).jpg,1
yellow(188).jpg,2
blue(170).jpg,1
red(290).jpg,0
red(543).jpg,0
blue(25).jpg,1
blue(184).jpg,1
none(40).jpg,3
none(119).jpg,3
blue(768).jpg,1
red(429).jpg,0
none(19).jpg,3
red(65).jpg,0
blue(309).jpg,1
none(106).jpg,3
red(370).jpg,0
red(64).jpg,0
none(58).jpg,3
yellow(254).jpg,2
blue(785).jpg,1
blue(840).jpg,1
none(37).jpg,3
none(121).jpg,3
blue(857).jpg,1
blue(189).jpg,1
blue(273).jpg,1
blue(158).jpg,1
red(434).jpg,0
red(493).jpg,0
none(66).jpg,3
red(360).jpg,0
yellow(215).jpg,2
none(39).jpg,3
red(121).jpg,0
blue(501).jpg,1
red(48).jpg,0
blue(794).jpg,1
yellow(23).jpg,2
red(384).jpg,0
red(139).jpg,0
blue(52).jpg,1
red(351).jpg,0
none(30).jpg,3
blue(356).jpg,1
yellow(262).jpg,2
red(285).jpg,0
yellow(100).jpg,2
blue(816).jpg,1
blue(831).jpg,1
blue(708).jpg,1
yellow(251).jpg,2
blue(322).jpg,1
blue(523).jpg,1
blue(829).jpg,1
blue(866).jpg,1
yellow(149).jpg,2
blue(337).jpg,1
blue(795).jpg,1
blue(515).jpg,1
blue(122).jpg,1
red(192).jpg,0
red(167).jpg,0
blue(743).jpg,1
red(89).jpg,0
blue(277).jpg,1
blue(800).jpg,1
red(198).jpg,0
blue(589).jpg,1
none(129).jpg,3
blue(410).jpg,1
red(61).jpg,0
blue(492).jpg,1
blue(590).jpg,1
yellow(248).jpg,2
blue(493).jpg,1
blue(689).jpg,1
yellow(19).jpg,2
blue(118).jpg,1
blue(734).jpg,1
none(136).jpg,3
yellow(67).jpg,2
blue(87).jpg,1
red(401).jpg,0
blue(570).jpg,1
blue(8).jpg,1
blue(527).jpg,1
blue(540).jpg,1
red(91).jpg,0
none(48).jpg,3
red(229).jpg,0
none(53).jpg,3
blue(142).jpg,1
red(329).jpg,0
blue(85).jpg,1
blue(94).jpg,1
none(124).jpg,3
blue(660).jpg,1
blue(18).jpg,1
yellow(126).jpg,2
blue(839).jpg,1
yellow(27).jpg,2
red(128).jpg,0
blue(583).jpg,1
red(71).jpg,0
blue(698).jpg,1
red(67).jpg,0
red(365).jpg,0
red(94).jpg,0
blue(581).jpg,1
yellow(91).jpg,2
blue(616).jpg,1
yellow(252).jpg,2
blue(299).jpg,1
none(26).jpg,3
red(421).jpg,0
red(259).jpg,0
blue(486).jpg,1
red(116).jpg,0
blue(645).jpg,1
yellow(241).jpg,2
red(407).jpg,0
blue(561).jpg,1
red(8).jpg,0
blue(538).jpg,1
blue(301).jpg,1
blue(614).jpg,1
blue(327).jpg,1
blue(635).jpg,1
blue(11).jpg,1
red(99).jpg,0
yellow(17).jpg,2
red(398).jpg,0
blue(186).jpg,1
blue(64).jpg,1
blue(60).jpg,1
none(110).jpg,3
red(241).jpg,0
red(483).jpg,0
red(236).jpg,0
blue(810).jpg,1
blue(427).jpg,1
red(326).jpg,0
red(312).jpg,0
red(555).jpg,0
blue(459).jpg,1
blue(605).jpg,1
blue(429).jpg,1
red(322).jpg,0
blue(109).jpg,1
blue(658).jpg,1
red(9).jpg,0
none(133).jpg,3
blue(89).jpg,1
blue(140).jpg,1
red(217).jpg,0
none(139).jpg,3
yellow(81).jpg,2
none(59).jpg,3
blue(699).jpg,1
red(101).jpg,0
red(77).jpg,0
blue(627).jpg,1
red(511).jpg,0
yellow(255).jpg,2
red(146).jpg,0
red(148).jpg,0
blue(414).jpg,1
yellow(135).jpg,2
red(473).jpg,0
blue(228).jpg,1
yellow(259).jpg,2
red(10).jpg,0
yellow(226).jpg,2
none(67).jpg,3
red(454).jpg,0
red(96).jpg,0
red(371).jpg,0
blue(637).jpg,1
none(81).jpg,3
red(567).jpg,0
red(403).jpg,0
blue(438).jpg,1
red(100).jpg,0
blue(797).jpg,1
yellow(173).jpg,2
blue(821).jpg,1
blue(845).jpg,1
red(47).jpg,0
red(268).jpg,0
blue(200).jpg,1
blue(3).jpg,1
red(491).jpg,0
blue(29).jpg,1
none(38).jpg,3
blue(151).jpg,1
blue(594).jpg,1
red(284).jpg,0
blue(798).jpg,1
red(523).jpg,0
blue(717).jpg,1
blue(553).jpg,1
blue(467).jpg,1
red(451).jpg,0
red(437).jpg,0
blue(571).jpg,1
blue(470).jpg,1
yellow(152).jpg,2
none(77).jpg,3
blue(761).jpg,1
blue(445).jpg,1
red(197).jpg,0
blue(498).jpg,1
red(30).jpg,0
yellow(113).jpg,2
red(324).jpg,0
blue(119).jpg,1
red(402).jpg,0
blue(153).jpg,1
blue(728).jpg,1
red(141).jpg,0
blue(606).jpg,1
blue(550).jpg,1
blue(286).jpg,1
yellow(125).jpg,2
red(186).jpg,0
yellow(93).jpg,2
red(405).jpg,0
yellow(83).jpg,2
blue(873).jpg,1
blue(366).jpg,1
yellow(86).jpg,2
red(98).jpg,0
yellow(132).jpg,2
blue(462).jpg,1
blue(675).jpg,1
red(114).jpg,0
blue(323).jpg,1
red(16).jpg,0
red(68).jpg,0
blue(791).jpg,1
blue(422).jpg,1
red(425).jpg,0
red(211).jpg,0
red(548).jpg,0
red(464).jpg,0
blue(808).jpg,1
red(470).jpg,0
none(17).jpg,3
blue(378).jpg,1
yellow(139).jpg,2
red(459).jpg,0
blue(497).jpg,1
blue(519).jpg,1
yellow(131).jpg,2
yellow(240).jpg,2
yellow(95).jpg,2
red(313).jpg,0
blue(339).jpg,1
blue(671).jpg,1
blue(267).jpg,1
blue(10).jpg,1
blue(262).jpg,1
yellow(145).jpg,2
blue(407).jpg,1
red(467).jpg,0
blue(539).jpg,1
blue(185).jpg,1
blue(23).jpg,1
blue(703).jpg,1
blue(143).jpg,1
red(42).jpg,0
yellow(158).jpg,2
blue(345).jpg,1
blue(750).jpg,1
blue(452).jpg,1
red(245).jpg,0
blue(525).jpg,1
blue(670).jpg,1
yellow(253).jpg,2
red(399).jpg,0
blue(730).jpg,1
blue(307).jpg,1
blue(545).jpg,1
red(556).jpg,0
none(31).jpg,3
blue(100).jpg,1
yellow(116).jpg,2
yellow(13).jpg,2
blue(16).jpg,1
blue(428).jpg,1
blue(152).jpg,1
blue(494).jpg,1
red(93).jpg,0
blue(394).jpg,1
red(311).jpg,0
blue(188).jpg,1
blue(37).jpg,1
yellow(94).jpg,2
yellow(211).jpg,2
yellow(45).jpg,2
red(447).jpg,0
blue(836).jpg,1
blue(86).jpg,1
blue(233).jpg,1
blue(618).jpg,1
blue(7).jpg,1
blue(169).jpg,1
none(83).jpg,3
yellow(12).jpg,2
red(59).jpg,0
yellow(61).jpg,2
red(173).jpg,0
red(208).jpg,0
blue(700).jpg,1
red(564).jpg,0
blue(204).jpg,1
none(100).jpg,3
red(318).jpg,0
red(15).jpg,0
blue(154).jpg,1
red(349).jpg,0
blue(872).jpg,1
blue(732).jpg,1
yellow(5).jpg,2
blue(315).jpg,1
red(166).jpg,0
yellow(232).jpg,2
red(275).jpg,0
none(32).jpg,3
blue(769).jpg,1
none(144).jpg,3
blue(495).jpg,1
blue(380).jpg,1
blue(451).jpg,1
red(22).jpg,0
blue(130).jpg,1
blue(651).jpg,1
blue(138).jpg,1
red(559).jpg,0
blue(602).jpg,1
yellow(31).jpg,2
yellow(82).jpg,2
blue(112).jpg,1
blue(386).jpg,1
red(408).jpg,0
blue(252).jpg,1
blue(17).jpg,1
blue(663).jpg,1
red(363).jpg,0
blue(399).jpg,1
blue(480).jpg,1
none(72).jpg,3
blue(201).jpg,1
yellow(97).jpg,2
blue(575).jpg,1
yellow(46).jpg,2
blue(271).jpg,1
red(373).jpg,0
red(516).jpg,0
red(205).jpg,0
blue(639).jpg,1
yellow(53).jpg,2
blue(513).jpg,1
yellow(37).jpg,2
red(557).jpg,0
red(45).jpg,0
red(204).jpg,0
blue(567).jpg,1
red(213).jpg,0
red(248).jpg,0
none(27).jpg,3
blue(104).jpg,1
blue(256).jpg,1
blue(437).jpg,1
blue(40).jpg,1
yellow(233).jpg,2
blue(742).jpg,1
red(566).jpg,0
red(563).jpg,0
blue(622).jpg,1
red(144).jpg,0
red(2).jpg,0
yellow(87).jpg,2
red(200).jpg,0
red(303).jpg,0
red(54).jpg,0
blue(412).jpg,1
yellow(166).jpg,2
blue(131).jpg,1
red(171).jpg,0
blue(250).jpg,1
red(32).jpg,0
blue(696).jpg,1
blue(760).jpg,1
blue(105).jpg,1
blue(308).jpg,1
blue(125).jpg,1
blue(740).jpg,1
blue(880).jpg,1
red(267).jpg,0
yellow(201).jpg,2
blue(446).jpg,1
blue(35).jpg,1
blue(257).jpg,1
blue(638).jpg,1
red(214).jpg,0
blue(613).jpg,1
red(183).jpg,0
red(376).jpg,0
blue(123).jpg,1
blue(56).jpg,1
none(57).jpg,3
yellow(136).jpg,2
red(220).jpg,0
blue(855).jpg,1
red(14).jpg,0
blue(601).jpg,1
blue(135).jpg,1
none(112).jpg,3
red(334).jpg,0
blue(232).jpg,1
none(33).jpg,3
blue(246).jpg,1
none(74).jpg,3
none(135).jpg,3
red(46).jpg,0
blue(888).jpg,1
blue(548).jpg,1
blue(509).jpg,1
blue(788).jpg,1
none(24).jpg,3
blue(757).jpg,1
blue(165).jpg,1
blue(306).jpg,1
yellow(133).jpg,2
red(66).jpg,0
none(11).jpg,3
yellow(161).jpg,2
red(203).jpg,0
yellow(77).jpg,2
red(57).jpg,0
blue(190).jpg,1
red(498).jpg,0
red(356).jpg,0
blue(218).jpg,1
blue(195).jpg,1
none(79).jpg,3
red(287).jpg,0
blue(463).jpg,1
yellow(44).jpg,2
blue(653).jpg,1
yellow(119).jpg,2
blue(650).jpg,1
blue(826).jpg,1
blue(673).jpg,1
blue(865).jpg,1
red(518).jpg,0
yellow(43).jpg,2
blue(382).jpg,1
yellow(184).jpg,2
yellow(220).jpg,2
blue(225).jpg,1
blue(150).jpg,1
blue(216).jpg,1
blue(217).jpg,1
blue(837).jpg,1
red(25).jpg,0
blue(28).jpg,1
blue(625).jpg,1
none(125).jpg,3
red(181).jpg,0
blue(482).jpg,1
none(114).jpg,3
red(182).jpg,0
blue(133).jpg,1
blue(21).jpg,1
blue(604).jpg,1
red(331).jpg,0
blue(500).jpg,1
red(406).jpg,0
blue(522).jpg,1
blue(537).jpg,1
yellow(222).jpg,2
red(123).jpg,0
red(333).jpg,0
yellow(34).jpg,2
blue(841).jpg,1
red(321).jpg,0
red(410).jpg,0
blue(776).jpg,1
blue(655).jpg,1
blue(46).jpg,1
blue(310).jpg,1
blue(809).jpg,1
red(409).jpg,0
red(26).jpg,0
none(7).jpg,3
red(565).jpg,0
blue(349).jpg,1
blue(448).jpg,1
blue(183).jpg,1
yellow(213).jpg,2
blue(890).jpg,1
blue(194).jpg,1
none(103).jpg,3
blue(350).jpg,1
red(84).jpg,0
yellow(50).jpg,2
none(56).jpg,3
yellow(54).jpg,2
blue(678).jpg,1
blue(149).jpg,1
blue(510).jpg,1
blue(585).jpg,1
blue(314).jpg,1
blue(702).jpg,1
red(172).jpg,0
blue(369).jpg,1
blue(205).jpg,1
none(25).jpg,3
blue(329).jpg,1
blue(117).jpg,1
blue(543).jpg,1
blue(27).jpg,1
blue(784).jpg,1
red(391).jpg,0
blue(340).jpg,1
blue(331).jpg,1
blue(727).jpg,1
blue(895).jpg,1
yellow(65).jpg,2
blue(803).jpg,1
blue(38).jpg,1
none(9).jpg,3
blue(311).jpg,1
blue(580).jpg,1
red(486).jpg,0
red(436).jpg,0
blue(789).jpg,1
red(193).jpg,0
red(215).jpg,0
yellow(39).jpg,2
yellow(178).jpg,2
blue(268).jpg,1
red(56).jpg,0
red(291).jpg,0
blue(646).jpg,1
blue(549).jpg,1
blue(680).jpg,1
yellow(171).jpg,2
blue(712).jpg,1
yellow(74).jpg,2
blue(359).jpg,1
red(297).jpg,0
yellow(78).jpg,2
red(36).jpg,0
red(7).jpg,0
red(316).jpg,0
blue(383).jpg,1
red(519).jpg,0
blue(557).jpg,1
blue(765).jpg,1
red(234).jpg,0
red(461).jpg,0
yellow(14).jpg,2
yellow(63).jpg,2
blue(682).jpg,1
none(138).jpg,3
blue(535).jpg,1
blue(224).jpg,1
none(82).jpg,3
red(39).jpg,0
blue(644).jpg,1
none(60).jpg,3
blue(641).jpg,1
red(364).jpg,0
blue(120).jpg,1
blue(276).jpg,1
blue(738).jpg,1
blue(433).jpg,1
yellow(20).jpg,2
blue(24).jpg,1
blue(442).jpg,1
red(249).jpg,0
none(28).jpg,3
yellow(1).jpg,2
yellow(105).jpg,2
blue(31).jpg,1
red(439).jpg,0
red(314).jpg,0
red(317).jpg,0
red(118).jpg,0
red(490).jpg,0
blue(114).jpg,1
blue(344).jpg,1
blue(352).jpg,1
red(457).jpg,0
none(132).jpg,3
blue(47).jpg,1
blue(706).jpg,1
blue(177).jpg,1
blue(894).jpg,1
blue(489).jpg,1
none(41).jpg,3
blue(424).jpg,1
blue(361).jpg,1
none(20).jpg,3
red(281).jpg,0
yellow(85).jpg,2
blue(511).jpg,1
yellow(157).jpg,2
red(427).jpg,0
yellow(142).jpg,2
blue(251).jpg,1
red(158).jpg,0
none(63).jpg,3
blue(415).jpg,1
red(431).jpg,0
yellow(207).jpg,2
red(482).jpg,0
blue(372).jpg,1
red(33).jpg,0
red(175).jpg,0
yellow(168).jpg,2
blue(14).jpg,1
yellow(90).jpg,2
blue(148).jpg,1
yellow(227).jpg,2
blue(615).jpg,1
blue(162).jpg,1
blue(691).jpg,1
blue(692).jpg,1
blue(475).jpg,1
blue(147).jpg,1
blue(242).jpg,1
blue(884).jpg,1
red(374).jpg,0
yellow(16).jpg,2
none(140).jpg,3
red(481).jpg,0
yellow(18).jpg,2
red(562).jpg,0
red(256).jpg,0
blue(290).jpg,1
blue(662).jpg,1
blue(479).jpg,1
red(161).jpg,0
red(489).jpg,0
yellow(70).jpg,2
yellow(30).jpg,2
blue(63).jpg,1
blue(164).jpg,1
none(6).jpg,3
yellow(217).jpg,2
yellow(160).jpg,2
red(97).jpg,0
red(432).jpg,0
red(243).jpg,0
blue(226).jpg,1
blue(528).jpg,1
blue(110).jpg,1
blue(357).jpg,1
yellow(98).jpg,2
yellow(244).jpg,2
blue(176).jpg,1
blue(39).jpg,1
none(84).jpg,3
none(49).jpg,3
yellow(175).jpg,2
red(261).jpg,0
blue(754).jpg,1
red(266).jpg,0
blue(672).jpg,1
yellow(176).jpg,2
blue(758).jpg,1
blue(6).jpg,1
red(332).jpg,0
red(131).jpg,0
blue(681).jpg,1
none(113).jpg,3
blue(191).jpg,1
red(88).jpg,0
yellow(162).jpg,2
blue(667).jpg,1
red(262).jpg,0
red(302).jpg,0
none(23).jpg,3
blue(166).jpg,1
blue(724).jpg,1
red(368).jpg,0
yellow(246).jpg,2
yellow(191).jpg,2
yellow(212).jpg,2
red(153).jpg,0
yellow(179).jpg,2
blue(720).jpg,1
blue(294).jpg,1
red(453).jpg,0
red(156).jpg,0
yellow(185).jpg,2
blue(460).jpg,1
red(424).jpg,0
red(23).jpg,0
red(325).jpg,0
blue(652).jpg,1
blue(633).jpg,1
red(540).jpg,0
blue(304).jpg,1
red(531).jpg,0
blue(312).jpg,1
blue(896).jpg,1
yellow(163).jpg,2
blue(395).jpg,1
red(296).jpg,0
red(189).jpg,0
none(134).jpg,3
blue(227).jpg,1
blue(288).jpg,1
red(414).jpg,0
yellow(238).jpg,2
red(337).jpg,0
none(36).jpg,3
red(218).jpg,0
red(127).jpg,0
yellow(141).jpg,2
yellow(26).jpg,2
red(343).jpg,0
blue(247).jpg,1
blue(400).jpg,1
yellow(193).jpg,2
blue(818).jpg,1
blue(804).jpg,1
yellow(123).jpg,2
none(92).jpg,3
none(16).jpg,3
blue(626).jpg,1
blue(735).jpg,1
blue(387).jpg,1
blue(300).jpg,1
red(190).jpg,0
red(260).jpg,0
blue(822).jpg,1
blue(328).jpg,1
yellow(165).jpg,2
red(341).jpg,0
blue(828).jpg,1
red(395).jpg,0
yellow(42).jpg,2
blue(893).jpg,1
red(366).jpg,0
red(154).jpg,0
red(288).jpg,0
blue(360).jpg,1
red(242).jpg,0
yellow(104).jpg,2
blue(417).jpg,1
red(339).jpg,0
blue(454).jpg,1
blue(90).jpg,1
blue(62).jpg,1
blue(612).jpg,1
red(500).jpg,0
yellow(183).jpg,2
blue(669).jpg,1
blue(870).jpg,1
yellow(225).jpg,2
red(40).jpg,0
blue(444).jpg,1
yellow(258).jpg,2
blue(324).jpg,1
red(484).jpg,0
yellow(159).jpg,2
none(18).jpg,3
red(169).jpg,0
blue(517).jpg,1
red(225).jpg,0
red(446).jpg,0
red(533).jpg,0
blue(403).jpg,1
blue(239).jpg,1
blue(858).jpg,1
blue(817).jpg,1
blue(265).jpg,1
red(422).jpg,0
red(527).jpg,0
none(90).jpg,3
blue(737).jpg,1
red(4).jpg,0
blue(115).jpg,1
blue(202).jpg,1
blue(321).jpg,1
blue(418).jpg,1
blue(159).jpg,1
none(145).jpg,3
red(180).jpg,0
red(244).jpg,0
red(237).jpg,0
blue(132).jpg,1
yellow(156).jpg,2
blue(72).jpg,1
blue(832).jpg,1
blue(576).jpg,1
blue(302).jpg,1
none(91).jpg,3
red(415).jpg,0
blue(819).jpg,1
blue(156).jpg,1
yellow(205).jpg,2
red(273).jpg,0
yellow(265).jpg,2
blue(897).jpg,1
blue(330).jpg,1
blue(607).jpg,1
red(206).jpg,0
red(507).jpg,0
blue(657).jpg,1
yellow(68).jpg,2
blue(892).jpg,1
red(289).jpg,0
red(130).jpg,0
red(502).jpg,0
yellow(21).jpg,2
red(499).jpg,0
red(539).jpg,0
blue(343).jpg,1
red(250).jpg,0
red(233).jpg,0
blue(729).jpg,1
red(58).jpg,0
blue(574).jpg,1
blue(355).jpg,1
red(456).jpg,0
yellow(170).jpg,2
red(170).jpg,0
blue(751).jpg,1
blue(526).jpg,1
blue(13).jpg,1
yellow(194).jpg,2
blue(542).jpg,1
blue(741).jpg,1
blue(534).jpg,1
red(102).jpg,0
blue(859).jpg,1
red(420).jpg,0
blue(43).jpg,1
blue(54).jpg,1
red(5).jpg,0
blue(744).jpg,1
red(496).jpg,0
blue(81).jpg,1
yellow(143).jpg,2
blue(74).jpg,1
blue(874).jpg,1
blue(4).jpg,1
yellow(214).jpg,2
blue(766).jpg,1
blue(807).jpg,1
blue(564).jpg,1
blue(432).jpg,1
yellow(89).jpg,2
none(12).jpg,3
red(179).jpg,0
blue(430).jpg,1
blue(163).jpg,1
blue(688).jpg,1
red(340).jpg,0
red(310).jpg,0
blue(223).jpg,1
red(117).jpg,0
yellow(146).jpg,2
blue(512).jpg,1
yellow(3).jpg,2
blue(175).jpg,1
red(394).jpg,0
blue(101).jpg,1
red(515).jpg,0
blue(505).jpg,1
red(353).jpg,0
red(448).jpg,0
red(505).jpg,0
red(468).jpg,0
red(87).jpg,0
blue(502).jpg,1
yellow(127).jpg,2
blue(869).jpg,1
none(88).jpg,3
red(44).jpg,0
blue(212).jpg,1
yellow(198).jpg,2
blue(266).jpg,1
red(252).jpg,0
blue(628).jpg,1
none(127).jpg,3
yellow(247).jpg,2
blue(661).jpg,1
red(377).jpg,0
red(549).jpg,0
blue(862).jpg,1
blue(97).jpg,1
none(130).jpg,3
blue(364).jpg,1
yellow(245).jpg,2
blue(49).jpg,1
red(528).jpg,0
blue(236).jpg,1
blue(520).jpg,1
blue(36).jpg,1
red(119).jpg,0
yellow(263).jpg,2
blue(695).jpg,1
red(504).jpg,0
red(383).jpg,0
yellow(260).jpg,2
red(462).jpg,0
red(512).jpg,0
blue(856).jpg,1
blue(579).jpg,1
blue(863).jpg,1
blue(102).jpg,1
blue(41).jpg,1
red(196).jpg,0
yellow(41).jpg,2
blue(278).jpg,1
red(396).jpg,0
red(307).jpg,0
blue(556).jpg,1
blue(434).jpg,1
blue(263).jpg,1
red(95).jpg,0
blue(124).jpg,1
red(258).jpg,0
red(126).jpg,0
red(387).jpg,0
blue(854).jpg,1
red(320).jpg,0
yellow(110).jpg,2
blue(772).jpg,1
blue(713).jpg,1
yellow(216).jpg,2
blue(551).jpg,1
red(231).jpg,0
blue(889).jpg,1
red(83).jpg,0
red(382).jpg,0
none(45).jpg,3
red(541).jpg,0
red(524).jpg,0
red(92).jpg,0
blue(411).jpg,1
red(104).jpg,0
blue(487).jpg,1
red(352).jpg,0
blue(595).jpg,1
none(4).jpg,3
blue(499).jpg,1
red(124).jpg,0
red(178).jpg,0
red(345).jpg,0
yellow(10).jpg,2
blue(844).jpg,1
yellow(108).jpg,2
blue(461).jpg,1
blue(790).jpg,1
blue(801).jpg,1
yellow(120).jpg,2
red(300).jpg,0
blue(631).jpg,1
yellow(210).jpg,2
none(87).jpg,3
yellow(218).jpg,2
blue(838).jpg,1
blue(781).jpg,1
blue(255).jpg,1
blue(325).jpg,1
blue(371).jpg,1
yellow(25).jpg,2
blue(592).jpg,1
blue(305).jpg,1
red(106).jpg,0
none(47).jpg,3
red(280).jpg,0
red(522).jpg,0
blue(736).jpg,1
blue(555).jpg,1
blue(531).jpg,1
red(82).jpg,0
yellow(196).jpg,2
yellow(11).jpg,2
red(145).jpg,0
red(546).jpg,0
yellow(40).jpg,2
blue(745).jpg,1
blue(351).jpg,1
yellow(52).jpg,2
blue(483).jpg,1
blue(9).jpg,1
red(308).jpg,0
red(253).jpg,0
blue(353).jpg,1
blue(802).jpg,1
yellow(134).jpg,2
yellow(249).jpg,2
red(306).jpg,0
red(24).jpg,0
blue(78).jpg,1
blue(416).jpg,1
none(128).jpg,3
blue(316).jpg,1
red(517).jpg,0
blue(640).jpg,1
blue(546).jpg,1
none(85).jpg,3
red(31).jpg,0
yellow(117).jpg,2
blue(630).jpg,1
none(104).jpg,3
red(228).jpg,0
red(520).jpg,0
blue(648).jpg,1
red(418).jpg,0
yellow(51).jpg,2
blue(235).jpg,1
blue(244).jpg,1
blue(847).jpg,1
yellow(102).jpg,2
blue(677).jpg,1
blue(320).jpg,1
blue(280).jpg,1
red(440).jpg,0
blue(753).jpg,1
blue(116).jpg,1
blue(779).jpg,1
blue(849).jpg,1
blue(234).jpg,1
blue(752).jpg,1
red(129).jpg,0
blue(582).jpg,1
red(185).jpg,0
none(78).jpg,3
yellow(257).jpg,2
blue(629).jpg,1
blue(824).jpg,1
red(240).jpg,0
blue(876).jpg,1
blue(397).jpg,1
red(476).jpg,0
blue(368).jpg,1
blue(654).jpg,1
blue(30).jpg,1
yellow(36).jpg,2
blue(168).jpg,1
yellow(2).jpg,2
red(435).jpg,0
blue(22).jpg,1
blue(293).jpg,1
blue(93).jpg,1
red(551).jpg,0
yellow(99).jpg,2
blue(253).jpg,1
red(375).jpg,0
red(495).jpg,0
yellow(203).jpg,2
blue(693).jpg,1
red(202).jpg,0
red(347).jpg,0
yellow(7).jpg,2
red(362).jpg,0
red(69).jpg,0
red(74).jpg,0
red(525).jpg,0
blue(456).jpg,1
blue(871).jpg,1
blue(563).jpg,1
blue(886).jpg,1
red(1).jpg,0
red(264).jpg,0
blue(793).jpg,1
red(41).jpg,0
blue(770).jpg,1
yellow(140).jpg,2
yellow(118).jpg,2
yellow(204).jpg,2
yellow(235).jpg,2
red(152).jpg,0
blue(396).jpg,1
blue(891).jpg,1
red(216).jpg,0
red(513).jpg,0
red(474).jpg,0
red(168).jpg,0
red(538).jpg,0
red(283).jpg,0
blue(485).jpg,1
none(69).jpg,3
blue(275).jpg,1
red(295).jpg,0
blue(220).jpg,1
blue(222).jpg,1
red(138).jpg,0
red(76).jpg,0
blue(491).jpg,1
red(238).jpg,0
red(223).jpg,0
blue(272).jpg,1
red(412).jpg,0
blue(529).jpg,1
none(116).jpg,3
blue(778).jpg,1
blue(358).jpg,1
blue(425).jpg,1
blue(230).jpg,1
blue(431).jpg,1
red(12).jpg,0
red(380).jpg,0
none(35).jpg,3
yellow(187).jpg,2
blue(264).jpg,1
blue(298).jpg,1
blue(91).jpg,1
none(43).jpg,3
blue(711).jpg,1
red(465).jpg,0
blue(701).jpg,1
red(105).jpg,0
red(492).jpg,0
red(201).jpg,0
yellow(150).jpg,2
blue(450).jpg,1
red(132).jpg,0
yellow(206).jpg,2
blue(15).jpg,1
red(254).jpg,0
red(286).jpg,0
blue(799).jpg,1
blue(248).jpg,1
red(537).jpg,0
red(6).jpg,0
red(350).jpg,0
none(14).jpg,3
blue(787).jpg,1
blue(747).jpg,1
blue(756).jpg,1
blue(558).jpg,1
red(27).jpg,0
red(455).jpg,0
blue(586).jpg,1
blue(295).jpg,1
blue(65).jpg,1
blue(476).jpg,1
blue(792).jpg,1
red(271).jpg,0
red(246).jpg,0
yellow(92).jpg,2
blue(521).jpg,1
red(413).jpg,0
red(147).jpg,0
yellow(75).jpg,2
blue(598).jpg,1
red(426).jpg,0
red(388).jpg,0
blue(533).jpg,1
blue(771).jpg,1
red(227).jpg,0
red(550).jpg,0
yellow(174).jpg,2
blue(436).jpg,1
blue(748).jpg,1
blue(773).jpg,1
yellow(76).jpg,2
blue(107).jpg,1
blue(389).jpg,1
red(78).jpg,0
yellow(33).jpg,2
blue(419).jpg,1
none(8).jpg,3
red(20).jpg,0
yellow(58).jpg,2
blue(834).jpg,1
none(98).jpg,3
none(96).jpg,3
blue(32).jpg,1
red(487).jpg,0
red(269).jpg,0
red(358).jpg,0
blue(88).jpg,1
blue(160).jpg,1
blue(481).jpg,1
blue(813).jpg,1
red(122).jpg,0
none(29).jpg,3
blue(341).jpg,1
red(411).jpg,0
blue(193).jpg,1
yellow(103).jpg,2
none(55).jpg,3
blue(634).jpg,1
blue(5).jpg,1
blue(815).jpg,1
blue(215).jpg,1
blue(137).jpg,1
blue(453).jpg,1
red(136).jpg,0
yellow(130).jpg,2
blue(75).jpg,1
none(111).jpg,3
blue(624).jpg,1
red(378).jpg,0
red(70).jpg,0
blue(370).jpg,1
red(542).jpg,0
blue(128).jpg,1
blue(365).jpg,1
red(292).jpg,0
blue(441).jpg,1
yellow(22).jpg,2
red(357).jpg,0
